{
    "showImmediately": 0,
    "userInteraction": {
        "disableAll": 0,
        "disablePinch": 0,
        "disableClick": 0,
        "disableSingleFingerScroll": 0,
        "disableLongPress": 0
    },
    "nodeList": [
        {
            "name": "mainCamera",
            "type": "camera",
            "visible": 1,
            "position": "0,0,0",
            "scale": "1,1,1",
            "rotation": "0,0,0",
            "children": [],
            "cameraNodeSuppl": {
                "fov": 56,
                "zNear": 500,
                "zFar": 5000
            }
        },
        {
            "name": "bwPhoto",
            "type": "plane",
            "visible": 1,
            "touchable": 1,
            "material": {
                "common": {
                    "defaultShaderName": "planeShader",
                    "textureList": [
                        {
                            "textureName": "res/texture/bw.jpg"
                        }
                    ]
                }
            },
            "scale": "200,200,200",
            "position": "0,0,0",
            "rotation": "90,0,0"
        }
    ]
}
