{
    "showImmediately": 1,
    "imuRelayCtrlWhenTrackLost": 1,
    "showOffscreenGuidance":1,
    "userInteraction": {
        "disableAll": 0,
        "disablePinch": 0,
        "disableClick": 0,
        "disableScroll": 0,
        "disbleLongPress": 0,
        "disableSingleFingerScroll": 0,
        "disableTwoFingerScroll": 0,
        "disableDoubleClick": 0
    },
    "cameraDefaultLookAt":{
        "eyePos":"0,0,1136",
        "centerPos":"0,0,0",
        "upDirection":"0,1,0"
    },
    "nodeList": [
        {
            "name": "mainCamera",
            "type": "camera",
            "visiable": "1",
            "position": "0,0,0",
            "scale": "1,1,1",
            "rotation": "0,0,0",
            "chirlden": [],
            "cameraNodeSuppl": {
                "fov": 56,
                "zNear": 50,
                "zFar": 10000
            }
        },
        {
            "name": "directLight",
            "type": "directLight",
            "position": "0,0,0",
            "rotation": "0,0,0",
            "chirlden": [],
            "lightNodeSuppl": {
                "color": "255.0,255.0,255.0",
                "intensity": 1,
                "direction": "0,-2,-4",
                "enableShadow": 1
            }
        },
        {
           "name": "ambientLight",
           "type": "ambientLight",
           "position": "0,0,1",
           "chirlden": [],
           "lightNodeSuppl": {
           "color": "255.0,255.0,255.0",
           "intensity": 1.2
            }
        },
     
        {
            "name": "go_Show",
            "type": "plane",
            "visible": 0,
            "touchable": 1,
            "material": {
                "common": {
                    "defaultShaderName": "planeShader",
                    "textureList": [
                        {
                            "textureName": "res/texture/go.png"
                        }
                    ]
                }
            },
            "hudDisplay": {
                "marginLeft": 0.5,
                "marginTop": 0.57,
                "screenRatio": {
                    "screenWidthRatio": 0.6,
                    "screenHeightRatio":0.085
                }
            },
            "transparentObject": 1,
            "rotation": "90,0,0",
            "children": []
        },    
        {
            "name": "pause",
            "type": "plane",
            "visible": 1,
            "touchable": 1,
            "material": {
                "common": {
                    "defaultShaderName": "planeShader",
                    "textureList": [
                        {
                            "textureName": "res/texture/voicePause.png"
                        }
                    ]
                }
            },
            "hudDisplay": {
                "marginLeft": 0.2,
                "marginTop": 0.8,
                "screenRatio": {
                    "screenWidthRatio": 0.12
                }
            },
            "transparentObject": 1,
            "rotation": "90,0,0",
            "children": []
        },
        {
            "name": "resume",
            "type": "plane",
            "visible": 1,
            "touchable": 1,
            "material": {
                "common": {
                    "defaultShaderName": "planeShader",
                    "textureList": [
                        {
                            "textureName": "res/texture/voiceResume.png"
                        }
                    ]
                }
            },
            "hudDisplay": {
                "marginLeft": 0.5,
                "marginTop": 0.8,
                "screenRatio": {
                    "screenWidthRatio": 0.12
                }
            },
            "transparentObject": 1,
            "rotation": "90,0,0",
            "children": []
        },
        {
            "name": "stop",
            "type": "plane",
            "visible": 1,
            "touchable": 1,
            "material": {
                "common": {
                    "defaultShaderName": "planeShader",
                    "textureList": [
                        {
                            "textureName": "res/texture/voiceStop.png"
                        }
                    ]
                }
            },
            "hudDisplay": {
                "marginLeft": 0.8,
                "marginTop": 0.8,
                "screenRatio": {
                    "screenWidthRatio": 0.12
                }
            },
            "transparentObject": 1,
            "rotation": "90,0,0",
            "children": []
        }
    ]
}










