{	
	"compatibleVersion":"1.0.0",
	"podShaderConfig":{
		"shaderPath":"res/shader/pod-gles",
		"noBoneShaderPath":"res/shader/nobone-pod-gles"
	},
	"commonShaderList": [
		{
			"name":"planeShader",
			"shader": {
                    "shaderPath": "res/shader/plane-gles",
                    "vertexType": "RM_P_N_T",
                    "uniformList": [
                        {
                            "uniformName": "Color",
                            "uniformValue": "AR_COLOR",
                            "uniformType": "address"
                        },
                        {
                            "uniformName": "skinningMatrix",
                            "uniformValue": "AR_BONEMATRIX",
                            "uniformType": "address"
                        },
                        {
                            "uniformName": "World",
                            "uniformValue": "AR_MODEL",
                            "uniformType": "address"
                        },
                        {
                            "uniformName": "Proj",
                            "uniformValue": "AR_PROJECT",
                            "uniformType": "address"
                        },
                        {
                            "uniformName": "View",
                            "uniformValue": "AR_VIEW",
                            "uniformType": "address"
                        }
                    ]
                }
		},
        {
            "name":"frameShader",
            "shader" : {
                     "shaderName":"res/shader/frame-gles",
                     "vertexType":"RM_P_N_T",
                     "uniformList": [
                                        {
                                             "uniformName":"World",
                                             "uniformValue" : "AR_MODEL",
                                             "uniformType":"address"
                                         },
                                         {
                                             "uniformName":"Proj",
                                             "uniformValue" : "AR_PROJECT",
                                             "uniformType":"address"
                                         },
                                         {
                                             "uniformName":"View",
                                             "uniformValue" : "AR_VIEW",
                                             "uniformType":"address"
                                         }
                                     ]
                }
        },
        {
            "name":"videoShader",
            "shader" : {
                     "shaderName":"res/shader/alpha-video-gles",
                     "vertexType":"RM_P_N_T",
                     "uniformList": [
                                        {
                                             "uniformName":"World",
                                             "uniformValue" : "AR_MODEL",
                                             "uniformType":"address"
                                         },
                                         {
                                             "uniformName":"Proj",
                                             "uniformValue" : "AR_PROJECT",
                                             "uniformType":"address"
                                         },
                                         {
                                             "uniformName":"View",
                                             "uniformValue" : "AR_VIEW",
                                             "uniformType":"address"
                                         }
                                     ]
                }
        },
        {
            "name":"androidVideoShader",
            "shader": {
                "shaderName": "res/shader/alpha-video-gles-android",
                "vertexType": "RM_P_N_T",
                "uniformList": [
                                 {
                                 "uniformName": "World",
                                 "uniformValue": "AR_MODEL",
                                 "uniformType": "address"
                                 },
                                 {
                                 "uniformName": "Proj",
                                 "uniformValue": "AR_PROJECT",
                                 "uniformType": "address"
                                 },
                                 {
                                 "uniformName": "View",
                                 "uniformValue": "AR_VIEW",
                                 "uniformType": "address"
                                 }
                        ]
                }
        },
        {
            "name":"ordinaryVideoShader",
            "shader" : {
                     "shaderName":"res/shader/video-gles",
                     "vertexType":"RM_P_N_T",
                     "uniformList": [
                                        {
                                             "uniformName":"World",
                                             "uniformValue" : "AR_MODEL",
                                             "uniformType":"address"
                                         },
                                         {
                                             "uniformName":"Proj",
                                             "uniformValue" : "AR_PROJECT",
                                             "uniformType":"address"
                                         },
                                         {
                                             "uniformName":"View",
                                             "uniformValue" : "AR_VIEW",
                                             "uniformType":"address"
                                         }
                                     ]
                }
        },
        {
            "name":"androidOrdinaryVideoShader",
            "shader": {
                "shaderName": "res/shader/video-gles-android",
                "vertexType": "RM_P_N_T",
                "uniformList": [
                                 {
                                 "uniformName": "World",
                                 "uniformValue": "AR_MODEL",
                                 "uniformType": "address"
                                 },
                                 {
                                 "uniformName": "Proj",
                                 "uniformValue": "AR_PROJECT",
                                 "uniformType": "address"
                                 },
                                 {
                                 "uniformName": "View",
                                 "uniformValue": "AR_VIEW",
                                 "uniformType": "address"
                                 }
                        ]
                }
        },
        {
            "name":"htmlShader",
            "shader" : {
                     "shaderName":"res/shader/html-gles",
                     "vertexType":"RM_P_N_T",
                     "uniformList": [
                                        {
                                             "uniformName":"World",
                                             "uniformValue" : "AR_MODEL",
                                             "uniformType":"address"
                                         },
                                         {
                                             "uniformName":"Proj",
                                             "uniformValue" : "AR_PROJECT",
                                             "uniformType":"address"
                                         },
                                         {
                                             "uniformName":"View",
                                             "uniformValue" : "AR_VIEW",
                                             "uniformType":"address"
                                         }
                                     ]
                        }
        },
        {
            "name":"skyboxShader",
            "shader": {
                    "shaderPath": "res/shader/skybox-gles",
                    "vertexType": "RM_P",
                    "uniformList": [
                                          {
                                            "uniformName": "modelMatrix",
                                            "uniformValue": "AR_MODEL",
                                            "uniformType": "address"
                                          },
                                          {
                                            "uniformName": "projectionMatrix",
                                            "uniformValue": "AR_PROJECT",
                                            "uniformType": "address"
                                          },
                                          {
                                            "uniformName": "modelViewMatrix",
                                            "uniformValue": "AR_MODELVIEW",
                                            "uniformType": "address"
                                          }
                                     ]
                    }
        }
	]
}
