{
    "showImmediately": 1,
    "userInteraction": {
        "disableAll": 0,
        "disablePinch": 0,
        "disableClick": 0,
        "disableSingleFingerScroll": 0,
        "disableLongPress": 0
    },
    "nodeList": [
        {
            "name": "mainCamera",
            "type": "camera",
            "visible": 1,
            "position": "0,0,0",
            "scale": "1,1,1",
            "rotation": "0,0,0",
            "children": [],
            "cameraNodeSuppl": {
                "fov": 56,
                "zNear": 50,
                "zFar": 10000
            }
        },
        {
            "name":"dadNode_rotation",
            "type":"group",
            "visible":1,
            "touchable":1,
            "hudDisplay": {
                "marginLeft": 0.5,
                "marginTop": 0.8,
                "screenRatio": {
                    "screenWidthRatio": 0.6
                }
            },
            "transparentObject": 1,
            "rotation": "90,0,0",
            "children":[
                        {
                            "name": "colorPhoto",
                            "type": "plane",
                            "visible": 1,
                            "touchable": 1,
                            "material": {
                                "common": {
                                    "defaultShaderName": "planeShader",
                                    "textureList": [
                                        {
                                            "textureName": "res/texture/color.png"
                                        }
                                    ]
                                }
                            },
                            "scale": "0.5,0.5,0.5",
                            "position": "0,0,0",
                            "rotation": "0,0,0"
                        }
            ]
        },

        {
            "name":"dadNode_translate",
            "type":"group",
            "visible":1,
            "touchable":1,
            "hudDisplay": {
                "marginLeft": 0.5,
                "marginTop": 0.2,
                "screenRatio": {
                    "screenWidthRatio": 0.6
                }
            },            "transparentObject": 0,
            "rotation": "90,0,0",
            "children":[
                        {
                            "name": "bantouPhoto",
                            "type": "plane",
                            "visible": 1,
                            "touchable": 1,
                            "material": {
                                "common": {
                                    "defaultShaderName": "planeShader",
                                    "textureList": [
                                        {
                                            "textureName": "res/texture/bantou.png"
                                        }
                                    ]
                                }
                            },
                            "scale": "0.5,0.5,0.5",
                            "position": "0,0,0",
                            "rotation": "0,0,0"
                        }
            ]
        }
    ]
}
