{
    "showImmediately": 1,
    "imuRelayCtrlWhenTrackLost":1,
    "userInteraction": {
        "disableAll": 0,
        "disablePinch": 0,
        "disableClick": 0,
        "disableScroll": 0,
        "disbleLongPress": 0
    },
    "nodeList": [
        {
            "name": "mainCamera",
            "type": "camera",
            "visiable": "1",
            "position": "0,0,0",
            "scale": "1,1,1",
            "rotation": "0,0,0",
            "chirlden": [],
            "cameraNodeSuppl": {
                "fov": 56,
                "zNear": 50,
                "zFar": 10000
            }
        },
        {
            "name": "bear",
            "type": "pod",
            "visible": 0,
            "touchable": 1,
            "meshFileName": "res/model/bear.pod",
            "material": {
                "common": {
                    "texturePath":"res/texture/",
                    "disableLightEffect":0
                }
            },
            "position": "0,0,0",
            "scale": "0.5,0.5,0.5",
            "rotation": "0,0,0",
            "chirlden": [],
            "podSuppl": {
                "allSubnodeTouchable":1
            }
        },
        {
            "name": "pic",
            "type": "plane",
            "visible": 0,
            "touchable": 1,
            "material": {
                "common": {
                    "defaultShaderName": "planeShader",
                    "textureList": [
                        {
                            "textureName": "res/texture/go.png"
                        }
                    ]
                }
            },
            "hudDisplay": {
                "marginLeft": 0.5,
                "marginTop": 0.5,
                "screenRatio": {
                    "screenWidthRatio": 0.3,
                    "screenHeightRatio":0.1
                }
            },
            "transparentObject": 1,
            "rotation": "90,0,0",
            "children": []
        }
    ]
}



