{
    "showImmediately": 1,
    "imuRelayCtrlWhenTrackLost": 1,
    "showOffscreenGuidance":1,
    "userInteraction": {
        "disableAll": 0,
        "disablePinch": 0,
        "disableClick": 0,
        "disableScroll": 0,
        "disbleLongPress": 0,
        "disableSingleFingerScroll": 0,
        "disableTwoFingerScroll": 0,
        "disableDoubleClick": 0
    },
    "cameraDefaultLookAt":{
        "eyePos":"0,0,1136",
        "centerPos":"0,0,0",
        "upDirection":"0,1,0"
    },
    "nodeList": [
        {
            "name": "mainCamera",
            "type": "camera",
            "visiable": "1",
            "position": "0,0,0",
            "scale": "1,1,1",
            "rotation": "0,0,0",
            "chirlden": [],
            "cameraNodeSuppl": {
                "fov": 56,
                "zNear": 50,
                "zFar": 10000
            }
        },
        {
            "name": "directLight",
            "type": "directLight",
            "position": "0,0,1",
            "rotation": "270,0,270",
            "chirlden": [],
            "lightNodeSuppl": {
                "color": "255.0,255.0,255.0",
                "intensity": 1.2,
                "direction": "0,0,1",
                "enableShadow": 0
            }
        },
           {
            "name": "all_Screen",
            "type": "plane",
            "visible": 1,
            "touchable": 1,
            "material": {
                "common": {
                    "defaultShaderName": "planeShader",
                    "textureList": [
                        {
                            "textureName": "res/texture/rectangle.png"
                        }
                    ]
                }
            },
            "hudDisplay": {
                "marginLeft": 0.5,
                "marginTop": 0.5,
                "screenRatio": {
                    "screenWidthRatio": 1,
                    "screenHeightRatio":1
                }
            },
            "transparentObject": 1,
            "rotation": "90,0,0",
            "children": []
        },
        {
            "name": "welcome4_Show",
            "type": "plane",
            "visible": 0,
            "touchable": 0,
            "material": {
                "common": {
                    "defaultShaderName": "planeShader",
                    "textureList": [
                        {
                            "textureName": "res/texture/welcome_4.png"
                        }
                    ]
                }
            },
            "hudDisplay": {
                "marginLeft": 0.5,
                "marginTop": 0.45,
                "screenRatio": {
                    "screenWidthRatio": 0.8,
                    "screenHeightRatio":0.7
                }
            },
            "transparentObject": 1,
            "rotation": "90,0,0",
            "children": []
        },
        {
            "name": "welcome5_Show",
            "type": "plane",
            "visible": 0,
            "touchable": 0,
            "material": {
                "common": {
                    "defaultShaderName": "planeShader",
                    "textureList": [
                        {
                            "textureName": "res/texture/welcome_5.png"
                        }
                    ]
                }
            },
            "hudDisplay": {
                "marginLeft": 0.5,
                "marginTop": 0.45,
                "screenRatio": {
                    "screenWidthRatio": 0.8,
                    "screenHeightRatio":0.7
                }
            },
            "transparentObject": 1,
            "rotation": "90,0,0",
            "children": []
        },
        {
            "name": "go_Show",
            "type": "plane",
            "visible": 1,
            "touchable": 1,
            "material": {
                "common": {
                    "defaultShaderName": "planeShader",
                    "textureList": [
                        {
                            "textureName": "res/texture/go.png"
                        }
                    ]
                }
            },
            "hudDisplay": {
                "marginLeft": 0.5,
                "marginTop": 0.73,
                "screenRatio": {
                    "screenWidthRatio": 0.5,
                    "screenHeightRatio":0.07
                }
            },
            "transparentObject": 1,
            "rotation": "90,0,0",
            "children": []
        },
        {
            "name": "walk_Node",
            "type": "pod",
            "visible": 0,
            "touchable": 1,
            "meshFileName": "res/model/monkey_walk.pod",
            "material": {
                "common": {
                    "texturePath": "res/texture/",
                    "disableLightEffect": 1
                }
            },
            "position": "0,-230,0",
            "scale": "4, 4, 4",
            "rotation": "0,-30,0",
            "chirlden": []

        },
        {
            "name": "roar_Node",
            "type": "pod",
            "visible": 0,
            "touchable": 1,
            "meshFileName": "res/model/monkey_roar.pod",
            "material": {
                "common": {
                    "texturePath": "res/texture/",
                    "disableLightEffect": 1
                }
            },
            "position": "0,-230,0",
            "scale": "4, 4, 4",
            "rotation": "0,-30,0",
            "chirlden": []
        },
{
    "name": "BLN_Light1",
    "type": "plane",
    "visible": 0,
    "touchable": 0,
    "material": {
        "common": {
            "defaultShaderName": "planeShader",
            "textureList": [
                {
                    "textureName": "res/texture/breathPoint1.png"
                }
            ]
        }
    },
    "transparentObject": 1,
    "scale": "50,50,50",
    "position": "0,0,100",
    "rotation": "90,0,0",
    "children": [
        
    ]
},
{
    "name": "BLN_Light2",
    "type": "plane",
    "visible": 0,
    "touchable": 0,
    "material": {
        "common": {
            "defaultShaderName": "planeShader",
            "textureList": [
                {
                    "textureName": "res/texture/breathPoint2.png"
                }
            ]
        }
    },
    "transparentObject": 1,
    "scale": "20,20,20",
    "position": "0,0,100",
    "rotation": "90,0,0",
    "children": [
        
    ]
},
        {
            "name":"show_TextCard",
            "type":"plane",
            "visible":0,
            "material":{
                "common":{
                    "defaultShaderName":"planeShader",
                    "textureList":[
                        {
                            "textureName":"res/texture/monkey_card.png"
                        }
                    ]
                }
            },
            "hudDisplay":{
                "marginLeft":0.5,
                "marginTop":0.2,
                "screenRatio":{
                    "screenWidthRatio":0.5,
                    "screenHeightRatio":0.2
                }
            },
            "transparentObject":1,
            "rotation":"90,0,0",
            "children":[]
        },
        {
            "name": "click_Close_Book",
            "type": "plane",
            "visible": 0,
            "touchable": 0,
            "material": {
                "common": {
                    "defaultShaderName": "planeShader",
                    "textureList": [
                        {
                            "textureName": "res/texture/hint_close.png"
                        }
                    ]
                }
            },
            "hudDisplay": {
                "marginLeft": 0.92,
                "marginTop": 0.55,
                "screenRatio": {
                    "screenWidthRatio": 0.1
                }
            },
            "transparentObject": 1,
            "rotation": "90,0,0",
            "children": []
        },
        {
            "name": "click_Open_Book",
            "type": "plane",
            "visible": 0,
            "touchable": 0,
            "material": {
                "common": {
                    "defaultShaderName": "planeShader",
                    "textureList": [
                        {
                            "textureName": "res/texture/hint_open.png"
                        }
                    ]
                }
            },
            "hudDisplay": {
                "marginLeft": 0.92,
                "marginTop": 0.55,
                "screenRatio": {
                    "screenWidthRatio": 0.1
                }
            },
            "transparentObject": 1,
            "rotation": "90,0,0",
            "children": []
        },
        {
            "name": "click_Reset",
            "type": "plane",
            "visible": 0,
            "touchable": 0,
            "material": {
                "common": {
                    "defaultShaderName": "planeShader",
                    "textureList": [
                        {
                            "textureName": "res/texture/reset.png"
                        }
                    ]
                }
            },
            "hudDisplay": {
                "marginLeft": 0.92,
                "marginTop": 0.65,
                "screenRatio": {
                    "screenWidthRatio": 0.1
                }
            },
            "transparentObject": 1,
            "rotation": "90,0,0",
            "children": []
        },
        {
            "name": "click_OpenUrl",
            "type": "plane",
            "visible": 0,
            "touchable": 0,
            "material": {
                "common": {
                    "defaultShaderName": "planeShader",
                    "textureList": [
                        {
                            "textureName": "res/texture/more_anim.png"
                        }
                    ]
                }
            },
            "hudDisplay": {
                "marginLeft": 0.92,
                "marginTop": 0.75,
                "screenRatio": {
                    "screenWidthRatio": 0.1
                }
            },
            "transparentObject": 1,
            "rotation": "90,0,0",
            "children": []
        }
    ]
}








