{
    "showImmediately": 0,
    "userInteraction": {
        "disableAll": 0,
        "disablePinch": 0,
        "disableClick": 0,
        "disableScroll": 0,
        "disbleLongPress": 0
    },
    "nodeList": [
        {
            "name": "simplePod",
            "type": "pod",
            "visible": 1,
            "touchable": 1,
            "meshFileName": "res/model/cm.pod",
            "material": {
                "common": {
                    "texturePath": "res/texture/",
                    "disableLightEffect": 1
                }
            },
            "position": "0,0,0",
            "scale": "1.0,1.0,1.0",
            "rotation": "90,90,0",
            "chirlden": []
        }
    ]
}