{
    "showImmediately": 1,
    "imuRelayCtrlWhenTrackLost": 1,
    "showOffscreenGuidance": 1,
    "userInteraction":
    {
        "disableAll": 0,
        "disablePinch": 0,
        "disableClick": 0,
        "disableScroll": 0,
        "disableLongPress": 0,
        "disableSingleFingerScroll": 0,
        "disableTwoFingerScroll": 0,
        "disableDoubleClick": 1,
        "disableAccompany": 1

    },
    "nodeList": [
    {
        "name": "mainCamera",
        "type": "camera",
        "visiable": "1",
        "position": "0,0,0",
        "scale": "1,1,1",
        "rotation": "0,0,0",
        "chirlden": [],
        "cameraNodeSuppl":
        {
            "fov": 32,
            "zNear": 50,
            "zFar": 11500
        }
    },
    {
        "name": "directLightRight3",
        "type": "directLight",
        "rotation": "0,0,0",
        "chirlden": [],
        "lightNodeSuppl":
        {
            "color": "255.0,255.0,255.0",
            "intensity": 1.0,
            "direction": "0, 0, -1",
            "enableShadow": 1

        }
    },
    {
        "name": "ambientLight",
        "type": "ambientLight",
        "position": "0,0,1",
        "chirlden": [],
        "lightNodeSuppl":
        {
            "color": "255.0,255.0,255.0",
            "intensity": 0.2
        }
    },
    {
        "name": "samplePod",
        "type": "pod",
        "visible": 1,
        "touchable": 1,
        "meshFileName": "res/model/Bear_80000_1024.pod",
        "material":
        {
            "common":
            {
                "texturePath": "res/texture/",
                "disableLightEffect": 0
            }
        },
        "materialExtend":
        {
            "Material #75":
            {
                "type": "MESH_PHONG",
                "offsetRepeat": "0, 0, 1, 1",
                "shininess": 0.5
            }
        },
        "position": "0,0,0",
        "scale": "0.2,0.2,0.2",
        "rotation": "90,0,0",
        "chirlden": []
    },
    {
        "name": "reset",
        "type": "plane",
        "visible": 0,
        "touchable": 1,
        "material": {
            "common": {
                "defaultShaderName": "planeShader",
                "textureList": [
                    {
                        "textureName": "res/texture/reset.png"
                    }
                ]
            }
        },
        "hudDisplay": {
            "marginLeft": 0.5,
            "marginTop": 0.5,
            "screenRatio": {
                "screenWidthRatio": 0.3
            }
        },
        "transparentObject": 1,
        "rotation": "90,0,0",
        "children": []
    },
    {
        "name": "arrow_guide",
        "type": "plane",
        "visible": 0,
        "touchable": 0,
        "material": {
            "common": {
                "defaultShaderName": "planeShader",
                "textureList": [
                    {
                        "textureName": "res/texture/arraow_guide.png"
                    }
                ]
            }
        },
        "hudDisplay": {
            "marginLeft": 0.5,
            "marginTop": 0.5,
            "screenRatio": {
                "screenWidthRatio": 0.35,
                "screenHeightRatio":0.05
            }
        },
        "transparentObject": 1,
        "rotation": "90,0,0",
        "children": []
    }
    ]
}