{
    "showImmediately": 1,
    "imuRelayCtrlWhenTrackLost":1,
    "userInteraction": {
        "disableAll": 0,
        "disablePinch": 0,
        "disableClick": 0,
        "disableScroll": 0,
        "disbleLongPress": 0
    },
    "nodeList": [
        {
            "name": "mainCamera",
            "type": "camera",
            "visiable": "1",
            "position": "0,0,0",
            "scale": "1,1,1",
            "rotation": "0,0,0",
            "chirlden": [],
            "cameraNodeSuppl": {
                "fov": 56,
                "zNear": 50,
                "zFar": 10000
            }
        },
        {
            "name": "bear",
            "type": "pod",
            "visible": 1,
            "touchable": 1,
            "meshFileName": "res/model/bear.pod",
            "material": {
                "common": {
                    "texturePath":"res/texture/",
                    "disableLightEffect":0
                }
            },
            "position": "0,300,0",
            "scale": "0.3,0.3,0.3",
            "rotation": "0,0,0",
            "chirlden": [],
            "podSuppl": {
                "allSubnodeTouchable":1
            }
        }
    ]
}



