{
    "showImmediately": 1,
    "imuRelayCtrlWhenTrackLost":1,
    "userInteraction": {
        "enableTouchZone":1,
        "disableAll": 0,
        "disablePinch": 0,
        "disableClick": 0,
        "disableScroll": 0,
        "disbleLongPress": 0,
        "disableSingleFingerScroll": 0,
        "disableTwoFingerScroll": 0,
        "disableDoubleClick": 0
    },
    "nodeList": [
        {
            "name": "mainCamera",
            "type": "camera",
            "visiable": "1",
            "position": "0,0,0",
            "scale": "1,1,1",
            "rotation": "0,0,0",
            "chirlden": [],
            "cameraNodeSuppl": {
                "fov": 56,
                "zNear": 50,
                "zFar": 10000
            }
        },
        {
             "name": "directLightRight1",
             "type": "directLight",
             "rotation": "0,0,0",
             "children": [],
             "lightNodeSuppl": {
                 "color": "255.0,255.0,255.0",
                 "intensity": 0.9,
                 "direction": "0, 0, 1"
             }
        },
        {
             "name": "directLightRight2",
             "type": "directLight",
             "rotation": "0,0,0",
             "children": [],
             "lightNodeSuppl": {
                 "color": "255.0,255.0,255.0",
                 "intensity": 0.6,
                 "direction": "0, 0, -1"
             }
        },
        {
             "name": "directLightRight3",
             "type": "directLight",
             "rotation": "0,0,0",
             "children": [],
             "lightNodeSuppl": {
                 "color": "255.0,255.0,255.0",
                 "intensity": 0.1,
                 "direction": "1, 0, 0"
             }
        },
        {
             "name": "directLightRight4",
             "type": "directLight",
             "rotation": "0,0,0",
             "children": [],
             "lightNodeSuppl": {
                 "color": "255.0,255.0,255.0",
                 "intensity": 0.1,
                 "direction": "-1, 0, 0"
             }
        },
        {
             "name": "directLightRight5",
             "type": "directLight",
             "rotation": "0,0,0",
             "children": [],
             "lightNodeSuppl": {
                 "color": "255.0,255.0,255.0",
                 "intensity": 0.4,
                 "direction": "0, 1, 0"
             }
        },
        {
             "name": "ambientLight",
             "type": "ambientLight",
             "position": "0,0,1",
             "children": [],
             "lightNodeSuppl": {
                 "color": "255.0,255.0,255.0",
                 "intensity": 0.4
             }
        },
        {
            "name": "bear_ydh",
            "type": "pod",
            "visible": 0,
            "touchable": 1,
            "meshFileName": "res/model/Bear_YDH.pod",
            "material": {
                "common": {
                    "texturePath":"res/texture/",
                    "disableLightEffect":0
                }
            },
            "materialExtend": {
                 "Bear_01": {
                    "type": "MESH_PHONG",
                    "offsetRepeat": "0, 0, 1, 1",
                    "shininess": 0.5
                 },
                 "Bear_02": {
                    "type": "MESH_PHONG",
                    "offsetRepeat": "0, 0, 1, 1",
                    "shininess": 0.5
                 }
            },
            "position": "0,-400,0",
            "scale": "0.5,0.5,0.5",
            "rotation": "0,0,0",
            "children": []
        },
        {
            "name": "bear",
            "type": "pod",
            "visible": 0,
            "touchable": 1,
            "meshFileName": "res/model/bear.pod",
            "material": {
                "common": {
                    "texturePath":"res/texture/",
                    "disableLightEffect":1
                }
            },
            "position": "0,100,0",
            "scale": "0.3,0.3,0.3",
            "rotation": "0,0,0",
            "chirlden": [],
            "podSuppl": {
                "allSubnodeTouchable":1
            }
        },
        {
            "name":"kuang",
            "type":"plane",
            "visible":1,
            "touchable":0,
            "material":{
                "common":{
                    "defaultShaderName":"planeShader",
                    "textureList":[
                        {
                            "textureName":"res/texture/kuang.png"
                        }
                    ]
                }
            },
            "hudDisplay":{
                "marginTop":0.4,
                "marginLeft":0.5,
                "screenRatio":{
                    "screenWidthRatio":0.8
                }
            },
            "transparentObject":1,
            "rotation":"90,0,0",
            "children":[]
        },
        {
            "name":"text",
            "type":"plane",
            "visible":1,
            "touchable":0,
            "material":{
                "common":{
                    "defaultShaderName":"planeShader",
                    "textureList":[
                        {
                            "textureName":"res/texture/textlogo.png"
                        }
                    ]
                }
            },
            "hudDisplay":{
                "marginTop":0.7,
                "marginLeft":0.5,
                "screenRatio":{
                    "screenWidthRatio":0.35,
                    "screenHeightRatio":0.1
                }
            },
            "transparentObject":1,
            "rotation":"90,0,0",
            "children":[]
        },
        {
            "name":"icon",
            "type":"plane",
            "visible":1,
            "touchable":0,
            "material":{
                "common":{
                    "defaultShaderName":"planeShader",
                    "textureList":[
                        {
                            "textureName":"res/texture/icon3.png"
                        }
                    ]
                }
            },
            "hudDisplay":{
                "marginTop":0.8,
                "marginLeft":0.5,
                "screenRatio":{
                    "screenWidthRatio":0.4,
                    "screenHeightRatio":0.1
                }
            },
            "transparentObject":1,
            "rotation":"90,0,0",
            "children":[]
        }
        
    ]
}
