{
    "start_filter_group_id": 500000,
    "filter_group_set": [
                  
                         {
                         "filter_group_id": 500001,
                         "disable_filter_group": 0,
                         
                         "reality_target": {
                         "disable_pass_list": 0,
                         "pass_list": [
                                       {
                                       "pass_id": 1,
                                       "pass_type": "mask_blend",
                                       "sub_type": "look_up",
                                       "source_type": "picture",
                                       "source_file": "/res/filter/look/Sierra.png",
                                       "params": {
                                       "dimension": "32"
                                       }
                                       }
                                       ]
                         },
                         "virtual_target": {
                          
                         },
                         "mix_target": {
                          "disable_pass_list": 1,
                         "pass_list": [
                                       {
                                       "pass_id": 1,
                                       "pass_type": "mask_blend",
                                       "sub_type": "look_up",
                                       "source_type": "picture",
                                       "source_file": "/res/filter/look/Sierra.png",
                                       "params": {
                                       "dimension": "32"
                                       }
                                       }
                                       ]
                         }
                         },

                         {
                         "filter_group_id": 500000,
                         "disable_filter_group": 1,
                         "reality_target": {
                          "disable_pass_list": 0,
                         "pass_list": [
                                       {
                                       "pass_id": 1,
                                       "pass_type": "look_up",
                                       "source_type": "picture",
                                       "source_file": "/res/filter/look/1977.png",
                                       "params": {
                                       "dimension": "32"
                                       }
                                       }
                                       ]
                         },
                         "virtual_target": {
                          
                         },
                         "mix_target": {
                          "disable_pass_list": 1,
                         "pass_list": [
                                       {
                                       "pass_id": 1,
                                       "pass_type": "look_up",
                                       "source_type": "picture",
                                       "source_file": "/res/filter/look/1977.png",
                                       "params": {
                                       "dimension": "32"
                                       }
                                       }
                                       ]
                         }

                         },
                         
                         {
                         "filter_group_id": 500002,
                         "reality_target": {
                          "disable_pass_list": 0,
                         "pass_list": [
                                       {
                                       "pass_id": 1,
                                       "pass_type": "mask_blend",
                                       "sub_type": "look_up",
                                       "source_type": "picture",
                                       "source_file": "/res/filter/look/Fury.png",
                                       "params": {
                                       "dimension": "32"
                                       }
                                       }
                                       ]
                         },
                         "virtual_target": {
                          
                         },
                         "mix_target": {
                          "disable_pass_list": 1,
                         "pass_list": [
                                       {
                                       "pass_id": 1,
                                       "pass_type": "mask_blend",
                                       "sub_type": "look_up",
                                       "source_type": "picture",
                                       "source_file": "/res/filter/look/Fury.png",
                                       "params": {
                                       "dimension": "32"
                                       }
                                       }
                                       ]
                         }

                         },
                         {
                         "filter_group_id": 500003,
                         "reality_target": {
                         "pass_list": [
                                       {
                                       "pass_id": 1,
                                       "pass_type": "mask_blend",
                                       "sub_type": "look_up",
                                       "source_type": "picture",
                                       "source_file": "/res/filter/look/Kelvin.png",
                                       "params": {
                                       "dimension": "32"
                                       }
                                       }
                                       ]
                         },
                         "virtual_target": {
                          
                         },
                         "mix_target": {
                          "disable_pass_list": 1,
                         "pass_list": [
                                       {
                                       "pass_id": 1,
                                       "pass_type": "mask_blend",
                                       "sub_type": "look_up",
                                       "source_type": "picture",
                                       "source_file": "/res/filter/look/Kelvin.png",
                                       "params": {
                                       "dimension": "32"
                                       }
                                       }
                                       ]
                         }
                         },
                         
                         {
                         "filter_group_id": 500004,
                         "reality_target": {
                         "pass_list": [
                                       {
                                       "pass_id": 1,
                                       "pass_type": "mask_blend",
                                       "sub_type": "look_up",
                                       "source_type": "picture",
                                       "source_file": "/res/filter/look/Vision.png",
                                       "params": {
                                       "dimension": "32"
                                       }
                                       }
                                       ]
                         },
                         "virtual_target": {
                          
                         },
                         "mix_target": {
                          "disable_pass_list": 1,
                         "pass_list": [
                                       {
                                       "pass_id": 1,
                                       "pass_type": "mask_blend",
                                       "sub_type": "look_up",
                                       "source_type": "picture",
                                       "source_file": "/res/filter/look/Vision.png",
                                       "params": {
                                       "dimension": "32"
                                       }
                                       }
                                       ]
                         }
                         },
                         
                         {
                         "filter_group_id": 500005,
                         "reality_target": {
                         "pass_list": [
                                       {
                                       "pass_id": 1,
                                       "pass_type": "mask_blend",
                                       "sub_type": "look_up",
                                       "source_type": "picture",
                                       "source_file": "/res/filter/look/Lava.png",
                                       "params": {
                                       "dimension": "32"
                                       }
                                       }
                                       ]
                         },
                         "virtual_target": {
                          
                         },
                         "mix_target": {
                          "disable_pass_list": 1,
                         "pass_list": [
                                       {
                                       "pass_id": 1,
                                       "pass_type": "mask_blend",
                                       "sub_type": "look_up",
                                       "source_type": "picture",
                                       "source_file": "/res/filter/look/Lava.png",
                                       "params": {
                                       "dimension": "32"
                                       }
                                       }
                                       ]
                         }
                         },
                         
                         {
                         "filter_group_id": 500006,
                         "reality_target": {
                         "pass_list": [
                                       {
                                       "pass_id": 1,
                                       "pass_type": "mask_blend",
                                       "sub_type": "look_up",
                                       "source_type": "picture",
                                       "source_file": "/res/filter/look/Wedding.png",
                                       "params": {
                                       "dimension": "32"
                                       }
                                       }
                                       ]
                         },
                         "virtual_target": {
                          
                         },
                         "mix_target": {
                          "disable_pass_list": 1,
                         "pass_list": [
                                       {
                                       "pass_id": 1,
                                       "pass_type": "mask_blend",
                                       "sub_type": "look_up",
                                       "source_type": "picture",
                                       "source_file": "/res/filter/look/Wedding.png",
                                       "params": {
                                       "dimension": "32"
                                       }
                                       }
                                       ]
                         }
                         },
                         
                         {
                         "filter_group_id": 500007,
                         "reality_target": {
                         "pass_list": [
                                       {
                                       "pass_id": 1,
                                       "pass_type": "mask_blend",
                                       "sub_type": "look_up",
                                       "source_type": "picture",
                                       "source_file": "/res/filter/look/Purple Haze.png",
                                       "params": {
                                       "dimension": "32"
                                       }
                                       }
                                       ]
                         },
                         "virtual_target": {
                          
                         },
                         "mix_target": {
                          "disable_pass_list": 1,
                         "pass_list": [
                                       {
                                       "pass_id": 1,
                                       "pass_type": "mask_blend",
                                       "sub_type": "look_up",
                                       "source_type": "picture",
                                       "source_file": "/res/filter/look/Purple Haze.png",
                                       "params": {
                                       "dimension": "32"
                                       }
                                       }
                                       ]
                         }
                         },
                         {
                         "filter_group_id": 500010,
                         "reality_target": {
                         "pass_list": [
                                       {
                                       "pass_id": 1,
                                       "pass_type": "mask_blend",
                                       "sub_type": "look_up",
                                       "source_type": "picture",
                                       "source_file": "/res/filter/look/Willow.png",
                                       "params": {
                                       "dimension": "32"
                                       }
                                       }
                                       ]
                         },
                         "virtual_target": {
                          
                         },
                         "mix_target": {
                          "disable_pass_list": 1,
                         "pass_list": [
                                       {
                                       "pass_id": 1,
                                       "pass_type": "mask_blend",
                                       "sub_type": "look_up",
                                       "source_type": "picture",
                                       "source_file": "/res/filter/look/Willow.png",
                                       "params": {
                                       "dimension": "32"
                                       }
                                       }
                                       ]
                         }
                         },
                         
                         {
                         "filter_group_id": 500008,
                         "reality_target": {
                         "pass_list": [
                                       {
                                       "pass_id": 1,
                                       "pass_type": "mask_blend",
                                       "sub_type": "look_up",
                                       "source_type": "picture",
                                       "source_file": "/res/filter/look/Rise.png",
                                       "params": {
                                       "dimension": "32"
                                       }
                                       }
                                       ]
                         },
                         "virtual_target": {
                          
                         },
                         "mix_target": {
                          "disable_pass_list": 1,
                         "pass_list": [
                                       {
                                       "pass_id": 1,
                                       "pass_type": "mask_blend",
                                       "sub_type": "look_up",
                                       "source_type": "picture",
                                       "source_file": "/res/filter/look/Rise.png",
                                       "params": {
                                       "dimension": "32"
                                       }
                                       }
                                       ]
                         }
                         },
                         
                         {
                         "filter_group_id": 500009,
                         "reality_target": {
                         "pass_list": [
                                       {
                                       "pass_id": 1,
                                       "pass_type": "mask_blend",
                                       "sub_type": "look_up",
                                       "source_type": "picture",
                                       "source_file": "/res/filter/look/Expired.png",
                                       "params": {
                                       "dimension": "32"
                                       }
                                       }
                                       ]
                         },
                         "virtual_target": {
                          
                         },
                         "mix_target": {
                          "disable_pass_list": 1,
                         "pass_list": [
                                       {
                                       "pass_id": 1,
                                       "pass_type": "mask_blend",
                                       "sub_type": "look_up",
                                       "source_type": "picture",
                                       "source_file": "/res/filter/look/Expired.png",
                                       "params": {
                                       "dimension": "32"
                                       }
                                       }
                                       ]
                         }
                         },
                         
                         {
                         "filter_group_id": 500117,
                         "reality_target": {
                         "pass_list": [
                                       {
                                       "pass_id": 1,
                                       "pass_type": "look_up",
                                       "source_type": "picture",
                                       "source_file": "/res/filter/look/Sea Side.png",
                                       "params": {
                                       "dimension": "32"
                                       }
                                       }
                                       ]
                         }
                         }


                   ]
}
