{
    "showImmediately": 1,
    "imuRelayCtrlWhenTrackLost": 1,
    "showOffscreenGuidance": 1,
    "userInteraction": {
        "disableAll": 0,
        "disablePinch": 0,
        "disableClick": 0,
        "enableTouchZone": 0,
        "enable_Touch_Zone": 0,
        "disableScroll": 1,
        "disbleLongPress": 0,
        "disableSingleFingerScroll": 0,
        "disableTwoFingerScroll": 1,
        "disableDoubleClick": 0
    },
    "nodeList": [
        {
            "name": "mainCamera",
            "type": "camera",
            "visiable": "1",
            "position": "0,0,0",
            "scale": "1,1,1",
            "rotation": "0,0,0",
            "chirlden": [],
            "cameraNodeSuppl": {
                "fov": 56,
                "zNear": 50,
                "zFar": 10000
            }
        },
        {
             "name": "directLightRight1",
             "type": "directLight",
             "rotation": "0,0,0",
             "children": [],
             "lightNodeSuppl": {
                 "color": "255.0,255.0,255.0",
                 "intensity": 0.9,
                 "direction": "0, 0, 1"
             }
        },
        {
             "name": "directLightRight2",
             "type": "directLight",
             "rotation": "0,0,0",
             "children": [],
             "lightNodeSuppl": {
                 "color": "255.0,255.0,255.0",
                 "intensity": 0.6,
                 "direction": "0, 0, -1"
             }
        },
        {
             "name": "directLightRight3",
             "type": "directLight",
             "rotation": "0,0,0",
             "children": [],
             "lightNodeSuppl": {
                 "color": "255.0,255.0,255.0",
                 "intensity": 0.1,
                 "direction": "1, 0, 0"
             }
        },
        {
             "name": "directLightRight4",
             "type": "directLight",
             "rotation": "0,0,0",
             "children": [],
             "lightNodeSuppl": {
                 "color": "255.0,255.0,255.0",
                 "intensity": 0.1,
                 "direction": "-1, 0, 0"
             }
        },
        {
             "name": "directLightRight5",
             "type": "directLight",
             "rotation": "0,0,0",
             "children": [],
             "lightNodeSuppl": {
                 "color": "255.0,255.0,255.0",
                 "intensity": 0.4,
                 "direction": "0, 1, 0"
             }
        },
        {
             "name": "ambientLight",
             "type": "ambientLight",
             "position": "0,0,1",
             "children": [],
             "lightNodeSuppl": {
                 "color": "255.0,255.0,255.0",
                 "intensity": 0.4
             }
        },
        {
            "name": "bear1",
            "type": "pod",
            "visible": 0,
            "touchable": 1,
            "meshFileName": "res/model/BaiDu_Bear_3Dmax_Normal.pod",
            "material": {
                "common": {
                    "texturePath":"res/texture/",
                    "disableLightEffect":0
                }
            },
            "position": "0,0,0",
            "scale": "0.3,0.3,0.3",
            "rotation": "0,0,0",
            "chirlden": [],
            "podSuppl": {
                "allSubnodeTouchable":1
            }
        },
        {
            "name": "bear",
            "type": "pod",
            "visible": 1,
            "touchable": 1,
            "meshFileName": "res/model/Bear_YDH.pod",
            "material": {
                "common": {
                    "texturePath":"res/texture/",
                    "disableLightEffect":0
                }
            },
            "materialExtend": {
                 "Bear_01": {
                    "type": "MESH_PHONG",
                    "offsetRepeat": "0, 0, 1, 1",
                    "shininess": 0.5
                 },
                 "Bear_02": {
                    "type": "MESH_PHONG",
                    "offsetRepeat": "0, 0, 1, 1",
                    "shininess": 0.5
                 }
            },
            "position": "0,-400,0",
            "scale": "0.5,0.5,0.5",
            "rotation": "0,0,0",
            "children": []
        },
        {
            "name": "next",
            "type": "plane",
            "visible": 1,
            "record": 0, 
            "touchable": 1,
            "material": {
                "common": {
                    "defaultShaderName": "planeShader",
                    "textureList": [
                        {
                            "textureName": "res/texture/right.png"
                        }
                    ]
                }
            },
            "hudDisplay": {
                "marginTop": 0.80,
                "marginLeft": 0.75,
                "screenRatio": {
                    "screenWidthRatio": 0.1
                }
            },
            "transparentObject": 1,
            "rotation": "90,0,0",
            "children": []
        },
        {
            "name": "pre",
            "type": "plane",
            "visible": 1,
            "record": 0, 
            "touchable": 1,
            "material": {
                "common": {
                    "defaultShaderName": "planeShader",
                    "textureList": [
                        {
                            "textureName": "res/texture/left.png"
                        }
                    ]
                }
            },
            "hudDisplay": {
                "marginTop": 0.80,
                "marginLeft": 0.25,
                "screenRatio": {
                    "screenWidthRatio": 0.1
                }
            },
            "transparentObject": 1,
            "rotation": "90,0,0",
            "children": []
        },
        {
            "name": "filtermodel",
            "type": "plane",
            "visible": 1,
            "touchable": 1,
            "record": 0, 
            "material": {
                "common": {
                    "defaultShaderName": "planeShader",
                    "textureList": [
                        {
                            "textureName": "res/texture/on.png"
                        }
                    ]
                }
            },
            "hudDisplay": {
                "marginTop": 0.7,
                "marginLeft": 0.90,
                "screenRatio": {
                    "screenWidthRatio": 0.06
                }
            },
            "transparentObject": 1,
            "rotation": "90,0,0",
            "children": []
        },
        {
            "name": "1",
            "type": "plane",
            "visible": 0,
            "record": 0, 
            "touchable": 1,
            "material": {
                "common": {
                    "defaultShaderName": "planeShader",
                    "textureList": [
                        {
                            "textureName": "res/texture/500001.png"
                        }
                    ]
                }
            },
            "hudDisplay": {
                "marginTop": 0.80,
                "marginLeft": 0.50,
                "screenRatio": {
                    "screenWidthRatio": 0.3
                }
            },
            "transparentObject": 1,
            "rotation": "90,0,0",
            "children": []
        },
        {
            "name": "2",
            "type": "plane",
            "visible": 0,
            "record": 0, 
            "touchable": 1,
            "material": {
                "common": {
                    "defaultShaderName": "planeShader",
                    "textureList": [
                        {
                            "textureName": "res/texture/500002.png"
                        }
                    ]
                }
            },
            "hudDisplay": {
                "marginTop": 0.8,
                "marginLeft": 0.5,
                "screenRatio": {
                    "screenWidthRatio": 0.3
                }
            },
            "transparentObject": 1,
            "rotation": "90,0,0",
            "children": []
        },
        {
            "name": "3",
            "type": "plane",
            "visible": 0,
            "record": 0, 
            "touchable": 1,
            "material": {
                "common": {
                    "defaultShaderName": "planeShader",
                    "textureList": [
                        {
                            "textureName": "res/texture/500003.png"
                        }
                    ]
                }
            },
            "hudDisplay": {
                "marginTop": 0.8,
                "marginLeft": 0.5,
                "screenRatio": {
                    "screenWidthRatio": 0.3
                }
            },
            "transparentObject": 1,
            "rotation": "90,0,0",
            "children": []
        },
        {
            "name": "4",
            "type": "plane",
            "visible": 0,
            "record": 0, 
            "touchable": 1,
            "material": {
                "common": {
                    "defaultShaderName": "planeShader",
                    "textureList": [
                        {
                            "textureName": "res/texture/500004.png"
                        }
                    ]
                }
            },
            "hudDisplay": {
                "marginTop": 0.8,
                "marginLeft": 0.5,
                "screenRatio": {
                    "screenWidthRatio": 0.3
                }
            },
            "transparentObject": 1,
            "rotation": "90,0,0",
            "children": []
        },
        {
            "name": "5",
            "type": "plane",
            "visible": 0,
            "record": 0, 
            "touchable": 1,
            "material": {
                "common": {
                    "defaultShaderName": "planeShader",
                    "textureList": [
                        {
                            "textureName": "res/texture/500005.png"
                        }
                    ]
                }
            },
            "hudDisplay": {
                "marginTop": 0.8,
                "marginLeft": 0.5,
                "screenRatio": {
                    "screenWidthRatio": 0.3
                }
            },
            "transparentObject": 1,
            "rotation": "90,0,0",
            "children": []
        },
        {
            "name": "6",
            "type": "plane",
            "visible": 0,
            "record": 0, 
            "touchable": 1,
            "material": {
                "common": {
                    "defaultShaderName": "planeShader",
                    "textureList": [
                        {
                            "textureName": "res/texture/500006.png"
                        }
                    ]
                }
            },
            "hudDisplay": {
                "marginTop": 0.8,
                "marginLeft": 0.5,
                "screenRatio": {
                    "screenWidthRatio": 0.3
                }
            },
            "transparentObject": 1,
            "rotation": "90,0,0",
            "children": []
        },
        {
            "name": "7",
            "type": "plane",
            "visible": 0,
            "record": 0, 
            "touchable": 1,
            "material": {
                "common": {
                    "defaultShaderName": "planeShader",
                    "textureList": [
                        {
                            "textureName": "res/texture/500007.png"
                        }
                    ]
                }
            },
            "hudDisplay": {
                "marginTop": 0.8,
                "marginLeft": 0.5,
                "screenRatio": {
                    "screenWidthRatio": 0.3
                }
            },
            "transparentObject": 1,
            "rotation": "90,0,0",
            "children": []
        },
        {
            "name": "8",
            "type": "plane",
            "visible": 0,
            "record": 0, 
            "touchable": 1,
            "material": {
                "common": {
                    "defaultShaderName": "planeShader",
                    "textureList": [
                        {
                            "textureName": "res/texture/500008.png"
                        }
                    ]
                }
            },
            "hudDisplay": {
                "marginTop": 0.8,
                "marginLeft": 0.5,
                "screenRatio": {
                    "screenWidthRatio": 0.3
                }
            },
            "transparentObject": 1,
            "rotation": "90,0,0",
            "children": []
        },
        {
            "name": "9",
            "type": "plane",
            "visible": 0,
            "record": 0, 
            "touchable": 1,
            "material": {
                "common": {
                    "defaultShaderName": "planeShader",
                    "textureList": [
                        {
                            "textureName": "res/texture/500009.png"
                        }
                    ]
                }
            },
            "hudDisplay": {
                "marginTop": 0.8,
                "marginLeft": 0.5,
                "screenRatio": {
                    "screenWidthRatio": 0.3
                }
            },
            "transparentObject": 1,
            "rotation": "90,0,0",
            "children": []
        },
        {
            "name": "10",
            "type": "plane",
            "visible": 0,
            "record": 0, 
            "touchable": 1,
            "material": {
                "common": {
                    "defaultShaderName": "planeShader",
                    "textureList": [
                        {
                            "textureName": "res/texture/500010.png"
                        }
                    ]
                }
            },
            "hudDisplay": {
                "marginTop": 0.8,
                "marginLeft": 0.5,
                "screenRatio": {
                    "screenWidthRatio": 0.3
                }
            },
            "transparentObject": 1,
            "rotation": "90,0,0",
            "children": []
        }



        
    ]
}