{
    "showImmediately": 1,
    "imuRelayCtrlWhenTrackLost": 1,
    "userInteraction": {
        "disableAll": 0,
        "disablePinch": 0,
        "disableClick": 0,
        "disableScroll": 0,
        "disbleLongPress": 0
    },
    "cameraDefaultLookAt":{
        "eyePos":"0,0,836",
        "centerPos":"0,0,0",
        "upDirection":"0,1,0"
        },
    "nodeList": [
        {
            "name": "mainCamera",
            "type": "camera",
            "visiable": "1",
            "position": "0,0,0",
            "scale": "1,1,1",
            "rotation": "0,0,0",
            "chirlden": [],
            "cameraNodeSuppl": {
                "fov": 56,
                "zNear": 50,
                "zFar": 10000
            }
        },
        {
            "name": "s1_simplePod",
            "type": "pod",
            "visible": 1,
            "touchable": 1,
            "meshFileName": "res/model/CS_01.pod",
            "material": {
                "common": {
                    "texturePath": "res/texture/",
                    "disableLightEffect": 1
                }
            },
            "position": "0,-120,0",
            "scale": "20, 20, 20",
            "rotation": "0,0,0",
            "chirlden": []
        },
        {
            "name": "ContentPlane",
            "type": "plane",
            "visible": 1,
            "touchable": 1,
            "material": {
                "common": {
                    "defaultShaderName": "planeShader",
                    "textureList": [
                        {
                            "textureName": "res/texture/content.png"
                        }
                    ]
                }
            },
            "hudDisplay": {
                "marginLeft": 0.5,
                "marginTop": 0.5,
                "depthPosition": 10000,
                "screenRatio": {
                    "screenWidthRatio": 1,
                    "screenHeightRatio": 1
                }
            },
            "position": "0,0,0",
            "rotation": "90,0,0",
            "children": []
        },
        {
            "name": "StartButton",
            "type": "plane",
            "visible": 1,
            "touchable": 1,
            "material": {
                "common": {
                    "defaultShaderName": "planeShader",
                    "textureList": [
                        {
                            "textureName": "res/texture/startbtn.png"
                        }
                    ]
                }
            },
            "hudDisplay": {
                "marginLeft": 0.5,
                "marginTop": 0.66,
                "depthPosition": 12000,
                "screenRatio": {
                    "screenWidthRatio": 0.4,
                    "screenHeightRatio": 0.07
                }
            },
            "position": "0,0,0",
            "scale": "100,100,100",
            "rotation": "90,0,0",
            "children": []
        }
    ]
}
